{
  "score": 53.99148767017322,
  "status": "ok",
  "components": {
    "pos": 0.15999996838317881,
    "neg": 0.0
  },
  "n_events": 6
}