{
  "score": 51.99893394887517,
  "status": "ok",
  "components": {
    "pos": 0.07999999732840972,
    "neg": 0.0
  },
  "n_events": 5
}