{
  "score": 53.99148805816263,
  "status": "ok",
  "components": {
    "pos": 0.1599999840022926,
    "neg": 0.0
  },
  "n_events": 6
}