{
  "score": 7.728592601545212,
  "status": "ok",
  "components": {
    "pos": 0.7199441239802573,
    "neg": 3.1997516621344766
  },
  "n_events": 6
}