{
  "score": 7.72722109372988,
  "status": "ok",
  "components": {
    "pos": 0.7199999641657678,
    "neg": 3.199999840736746
  },
  "n_events": 6
}