{
  "score": 7.727220864615217,
  "status": "ok",
  "components": {
    "pos": 0.7199999709610488,
    "neg": 3.1999998796653735
  },
  "n_events": 4
}